ORIG_PRODUCT,DRUG_NAME,POTENCY,DOSAGE,ROUTE_ADMINISTERED,NOTES
NADOLOL --  80 MG PER 1 TABLET,Nadolol,80 MG PER 1,TAB,<Blank>,<Blank>
ACETAMINOPHEN --  80 MG PER 1 SUPPOSITORY,Acetaminophen,80 MG PER 1,SUPP,<Blank>,<Blank>
NYSTATIN OINTMENT --  100000 U PER 1 G,Nystatin,100000 U PER 1 G,OINTMENT,<Blank>,<Blank>
CEPHRADINE --  125 MG PER 1 CAPSULE,Cephradine,125 MG PER 1,CAP,<Blank>,<Blank>
FOSINOPRIL SODIUM --  20 MG PER 1 TABLET,Fosinopril Sodium,20 MG PER 1,TAB,<Blank>,<Blank>
PRAVASTATIN SODIUM --  40 MG PER 1 TABLET,Pravastatin Sodium,40 MG PER 1,TAB,<Blank>,<Blank>
DIDANOSINE --  100 MG PER 1 TABLET,Didanosine,100 MG PER 1,TAB,<Blank>,<Blank>
BUSPIRONE HYDROCHLORIDE --  10 MG PER 1 TABLET,Buspirone Hydrochloride,10 MG PER 1,TAB,<Blank>,<Blank>
CEFATRIZINE --  250 MG PER 1 CAPSULE,Cefatrizine,250 MG PER 1,CAP,<Blank>,<Blank>
AMOXICILLIN TRIHYDRATE --  1 G PER 1 TABLET,Amoxicillin Trihydrate,1 G PER 1,TAB,<Blank>,<Blank>
CISPLATIN INJECTION SOLUTION READY TO USE --  50 MG PER 100 ML,Cisplatin,50 MG PER 100 ML,INJ SOL,<Blank>,Ready to Use
CARBOPLATIN INJECTION SOLUTION READY TO USE --  150 MG PER 15 ML,Carboplatin,150 MG PER 15 ML,INJ SOL,<Blank>,Ready to Use
FLUDROCORTISONE ACETATE --  .1 MG PER 1 TABLET,Fludrocortisone Acetate,.1 MG PER 1,TAB,<Blank>,<Blank>
FLUPHENAZINE HYDROCHLORIDE --  1 MG PER 1 TABLET,Fluphenazine Hydrochlor,1 MG PER 1,TAB,<Blank>,<Blank>
FLUPHENAZINE DECANOATE INJECTION SOLUTION --  25 MG PER 1 ML,Fluphenazine Decanoate,25 MG PER 1 ML,INJ SOL,<Blank>,<Blank>
AMPHOTERICIN B --  100 MG PER 1 TABLET,Amphotericin B,100 MG PER 1,TAB,<Blank>,<Blank>
HALCINONIDE CREAM TOPICAL --  1 MG PER 1 G,Halcinonide,1 MG PER 1 G,CREAM,TOPIC,<Blank>
DICLOXACILLIN SODIUM --  125 MG PER 1 CAPSULE,Dicloxacillin Sodium,125 MG PER 1,CAP,<Blank>,<Blank>
SOTALOL HYDROCHLORIDE --  80 MG PER 1 TABLET,Sotalol Hydrochloride,80 MG PER 1,TAB,<Blank>,<Blank>
TENIPOSIDE INJECTION SOLUTION --  50 MG PER 5 ML,Teniposide,50 MG PER 5 ML,INJ SOL,<Blank>,<Blank>
CHOLESTYRAMINE RESIN POWDER FOR SUSPENSION ORAL --  4 G PER 9 G,Cholestyramine Resin,4 G PER 9 G,PWD F/SUSP,ORAL,<Blank>
HYDROXYUREA --  500 MG PER 1 CAPSULE,Hydroxyurea,500 MG PER 1,CAP,<Blank>,<Blank>
TRIAMCINOLONE ACETONIDE INJECTION --  80 MG PER 2 ML,Triamcinolone Acetonide,80 MG PER 2 ML,INJ,<Blank>,<Blank>
TRIFLUPROMAZINE HYDROCHLORIDE --  10 MG PER 1 TABLET,Triflupromazine Hydroch,10 MG PER 1,TAB,<Blank>,<Blank>
TETRACYCLINE HYDROCHLORIDE --  500 MG PER 1 CAPSULE,Tetracycline Hydrochlor,500 MG PER 1,CAP,<Blank>,<Blank>
TRIAMCINOLONE --  4 MG PER 1 TABLET,Triamcinolone,4 MG PER 1,TAB,<Blank>,<Blank>
FLUPHENAZINE ENANTHATE INJECTION SOLUTION --  25 MG PER 1 ML,Fluphenazine Enanthate,25 MG PER 1 ML,INJ SOL,<Blank>,<Blank>
PENICILLIN G PROCAINE INJECTION POWDER --  100000 U PER 1 UNIT,Penicillin G Procaine,100000 U PER 1 UN,INJ,<Blank>,<Blank>
TRIMAZOSIN HYDROCHLORIDE OINTMENT --  50 MG PER 1 G,Trimazosin Hydrochlorid,50 MG PER 1 G,OINTMENT,<Blank>,<Blank>
ISONIAZID --  300 MG PER 1 TABLET,Isoniazid,300 MG PER 1,TAB,<Blank>,<Blank>
PROCAINAMIDE HYDROCHLORIDE --  250 MG PER 1 CAPSULE,Procainamide Hydrochlor,250 MG PER 1,CAP,<Blank>,<Blank>
LOMUSTINE --  100 MG PER 1 CAPSULE,Lomustine,100 MG PER 1,CAP,<Blank>,<Blank>
BUTORPHANOL TARTRATE INJECTION SOLUTION --  2 MG PER 2 ML,Butorphanol Tartrate,2 MG PER 2 ML,INJ SOL,<Blank>,<Blank>
CEPHALEXIN POWDER FOR DROP ORAL --  500 MG PER 1 ML,Cephalexin,500 MG PER 1 ML,PWD,ORAL,<Blank>
VITAMIN E --  100 U PER 1 CAPSULE,Vitamin E,100 U PER 1,CAP,<Blank>,<Blank>
MITOTANE --  500 MG PER 1 TABLET,Mitotane,500 MG PER 1,TAB,<Blank>,<Blank>
DOCUSATE SODIUM CAPSULE SOFT GELATIN --  10 MG PER 1 CAPSULE,Docusate Sodium,10 MG PER 1 CAPSU,CAP,<Blank>,<Blank>
KANAMYCIN SULFATE INJECTION SOLUTION --  1 G PER 3 ML,Kanamycin Sulfate,1 G PER 3 ML,INJ SOL,<Blank>,<Blank>
GLYCERIN --  0 SUPPOSITORY PER 1 SUPPOSITORY,Glycerin,0 PER 1 SUPPOSITO,SUPP,<Blank>,<Blank>
CLOXACILLIN SODIUM --  250 MG PER 1 CAPSULE,Cloxacillin Sodium,250 MG PER 1,CAP,<Blank>,<Blank>
ETOPOSIDE INJECTION SOLUTION --  100 MG PER 5 ML,Etoposide,100 MG PER 5 ML,INJ SOL,<Blank>,<Blank>
TRIMETHOPRIM --  200 MG PER 1 TABLET,Trimethoprim,200 MG PER 1,TAB,<Blank>,<Blank>
ECONAZOLE NITRATE TABLET VAGINAL --  150 MG PER 1 TABLET,Econazole,150 MG PER 1 TABL,TAB,VAGIN,<Blank>
